[
  {
    "id": "5c5a3fae-4996-41e2-a174-b922e561496a",
    "data": [
      {
        "text": "Cachori",
        "userDefined": false
      }
    ],
    "isTemplate": false,
    "count": 0,
    "lang": "en",
    "updated": 0
  },
  {
    "id": "6854533a-5cd5-403e-aeb0-e809945be059",
    "data": [
      {
        "text": "Samosa",
        "userDefined": false
      }
    ],
    "isTemplate": false,
    "count": 0,
    "lang": "en",
    "updated": 0
  },
  {
    "id": "a19b49dd-cddb-4f2c-bb71-801aa3a5b212",
    "data": [
      {
        "text": "Ice Cream",
        "userDefined": false
      }
    ],
    "isTemplate": false,
    "count": 0,
    "lang": "en",
    "updated": 0
  },
  {
    "id": "420f8868-4969-4d1a-a201-b04f3b44bedf",
    "data": [
      {
        "text": "Soda",
        "userDefined": false
      }
    ],
    "isTemplate": false,
    "count": 0,
    "lang": "en",
    "updated": 0
  },
  {
    "id": "84f0b0b6-c413-4f21-8538-006d6788658c",
    "data": [
      {
        "text": "Panner Tikka",
        "userDefined": false
      }
    ],
    "isTemplate": false,
    "count": 0,
    "lang": "en",
    "updated": 0
  },
  {
    "id": "0ee6a896-9416-480e-909b-e35cc3698c47",
    "data": [
      {
        "text": "Soup",
        "userDefined": false
      }
    ],
    "isTemplate": false,
    "count": 0,
    "lang": "en",
    "updated": 0
  }
]